model,eps_mean,spectral_mean,wasserstein_mean,eps_std,spectral_std,wasserstein_std
eps,0.09624117761850357,21.42053050994873,0.04624913549050689,0.04248716340588093,15.445867595710927,0.03223665005630562
curl_div,0.10287677682936192,30.00220594406128,0.04950476763769984,0.0922590369773236,28.475931200033692,0.0370257005251724
okubo_weiss,0.1295694626867771,48.45466051101685,0.06612093336880207,0.0993307017335934,45.76187288250076,0.02503123781690873
wasserstein,0.10585174895823002,41.52113966941833,0.06227150671184063,0.06723246203794639,39.278990032878504,0.041047249004456096
stream_function,0.11060461103916168,38.12829473018646,0.07162646446377038,0.0408460229028963,23.133423796834144,0.033140028807225615
strain_rate,0.16658867299556732,62.10441508293152,0.06906306818127632,0.12124195886110624,58.66494126661148,0.03600636636256314
