model,eps_mean,curl_div_mean,spectral_mean,okubo_weiss_mean,wasserstein_mean,stream_function_mean,strain_rate_mean,eps_std,curl_div_std,spectral_std,okubo_weiss_std,wasserstein_std,stream_function_std,strain_rate_std
eps,0.08366539813578129,0.0004104309860849753,31.28606173992157,7.1495034234203555e-06,0.08047592639923096,0.4986939922906458,0.0002183647273341194,0.03828307993462417,0.00020916395851433296,26.30048854064298,5.349118802002175e-06,0.06197084383799496,0.47825477560344043,0.00014178390823047928
curl_div,0.06990951485931873,0.00028074529327568596,21.97648013830185,3.241103516415933e-06,0.07849700199440121,0.1922864167019725,0.0001367452226986643,0.01765091265051797,7.717636375601968e-05,15.064008760459078,1.779222991400529e-06,0.061893566047607325,0.10168690490319407,4.67153720416839e-05
spectral,0.11751092374324798,0.0007366573787294328,71.56294202804565,3.804660665878146e-05,0.10547579638659954,0.7092255853116513,0.00036503224837360906,0.04644257364731567,0.0004071064565889337,61.605237159766524,5.45862294585668e-05,0.07444103223899465,0.8216862591606032,0.0002305792220306991
okubo_weiss,0.09729700572788716,0.000717768058530055,24.553547549247742,1.539418859692887e-05,0.04051973707973957,0.27456756960600615,0.0004571269091684371,0.10774582838459988,0.0013718250445681438,46.54384425322248,3.640257982399026e-05,0.037291369100015785,0.23346755463498775,0.0009689705068330709
wasserstein,0.09659724831581115,0.000536150332482066,39.73645992279053,1.433587478913978e-05,0.09289761427789926,0.39466744363307954,0.0002912011455919128,0.024437935577711865,0.00021144183941261365,29.62016292113945,1.2327224830550394e-05,0.054856152254057176,0.30804847963056453,0.00012951179861631613
stream_function,0.08466787077486515,0.0004617208440322429,29.96643443107605,7.322115868646506e-06,0.07351846992969513,0.28231829553842547,0.00022950629791012033,0.028542135578348768,0.00018031983428395235,27.743079757663498,6.473800315394391e-06,0.033365743242523824,0.23384033179227995,6.830051727881864e-05
strain_rate,0.06744105815887451,0.00031183649552986027,21.276823663711546,3.5601057589929042e-06,0.07510876446031034,0.19221179969608784,0.00015395390437333845,0.024812897421687248,0.00011978789758025553,20.4997143461937,2.5045369348106603e-06,0.0561995555361232,0.26224960125305025,5.6685418975084956e-05
