schedule,eps_mean,curl_div_mean,spectral_mean,okubo_weiss_mean,wasserstein_mean,stream_function_mean,strain_rate_mean,eps_std,curl_div_std,spectral_std,okubo_weiss_std,wasserstein_std,stream_function_std,strain_rate_std
cosine,0.0980391476303339,0.021835350897163153,5.539814853668213,0.0027703283238224687,0.054007139336317775,0.5029314056038856,0.0153428272344172,0.03793262776376871,0.0047308130443567045,1.9888118317829402,0.0008606419494546244,0.047413133362304495,0.1885745199020563,0.0033664306491395105
linear,0.13982519656419753,0.02838184777647257,6.429183864593506,0.0034383841906674207,0.04294652994722128,0.6718499273061752,0.021626660879701377,0.10881431549039808,0.016297434357526685,2.759613326836298,0.0019035181313429384,0.01921908741433311,0.2506387066077745,0.014001055003856771
quadratic,0.07334257811307907,0.018483665771782398,4.48281626701355,0.002663006784860045,0.026756227109581233,0.5038954794406891,0.012997380830347538,0.02233409571836822,0.002861964191499941,1.9967810880456263,0.0011803455749595738,0.041189477640161,0.3022043655202426,0.0017189842821137143
sigmoid,0.08465026393532753,0.020839849673211574,5.118374395370483,0.003426339477300644,0.046037220396101475,0.4817691445350647,0.014845528360456228,0.02363538487150567,0.003495513022273606,1.964289765746644,0.0019779713550876943,0.04258363681732045,0.2002635560463862,0.002867537737143025
